GeoName,Unit,2005:Q1,2005:Q2,2005:Q3,2005:Q4,2006:Q1,2006:Q2,2006:Q3,2006:Q4,2007:Q1,2007:Q2,2007:Q3,2007:Q4,2008:Q1,2008:Q2,2008:Q3,2008:Q4,2009:Q1,2009:Q2,2009:Q3,2009:Q4,2010:Q1,2010:Q2,2010:Q3,2010:Q4,2011:Q1,2011:Q2,2011:Q3,2011:Q4,2012:Q1,2012:Q2,2012:Q3,2012:Q4,2013:Q1,2013:Q2,2013:Q3,2013:Q4,2014:Q1,2014:Q2,2014:Q3,2014:Q4,2015:Q1,2015:Q2,2015:Q3,2015:Q4,2016:Q1,2016:Q2,2016:Q3,2016:Q4,2017:Q1,2017:Q2,2017:Q3,2017:Q4,2018:Q1,2018:Q2,2018:Q3,2018:Q4,2019:Q1,2019:Q2,2019:Q3,2019:Q4,2020:Q1,2020:Q2,2020:Q3,2020:Q4,2021:Q1,2021:Q2,2021:Q3,2021:Q4,2022:Q1,2022:Q2,2022:Q3,2022:Q4
Alabama,Millions of chained 2012 dollars,0.041060556,0.041515977,0.041405613,0.041851296,0.041946212,0.042159969,0.042149446,0.042187403,0.042134447,0.042442536,0.042709653,0.042714061,0.042484743,0.042564503,0.042170223,0.040932046,0.040492208,0.040567201,0.040698455,0.040781453,0.03792609,0.03842254,0.03912442,0.039098164,0.038860033,0.039070547,0.039263507,0.039806906,0.039767385,0.039863436,0.03942019,0.039322172,0.040149435,0.039971517,0.04022333,0.039806655,0.039231769,0.039744413,0.039976225,0.03995706,0.039725751,0.040072464,0.040200651,0.040123137,0.040402357,0.040635613,0.040667623,0.040883974,0.041077415,0.041054757,0.041170621,0.041538863,0.041793752,0.041874572,0.041903235,0.042113539,0.042286478,0.042453851,0.042728008,0.042777635,0.040603816,0.037201835,0.040643663,0.040682593,0.0412003,0.0417686,0.041802834,0.042399954,0.042352246,0.042257128,0.042383454,0.042794518
Alaska,Millions of chained 2012 dollars,0.072059011,0.073017329,0.072578366,0.073649933,0.075521109,0.078016755,0.078934717,0.081374376,0.081962318,0.083383525,0.083113799,0.081534361,0.079571309,0.077803015,0.081083116,0.08854501,0.09179927,0.090902203,0.088599083,0.087367529,0.075298178,0.077150674,0.077683176,0.077382007,0.075202153,0.076936236,0.077942106,0.081256802,0.081220054,0.083392446,0.082711822,0.080927473,0.079931037,0.077155179,0.077687823,0.076979743,0.075722828,0.076050609,0.076414434,0.07699861,0.077736117,0.0769475,0.076821203,0.076794029,0.077531395,0.07630968,0.075819276,0.075855039,0.07610186,0.07621999,0.077117304,0.076256739,0.075451367,0.074864375,0.074969834,0.075050371,0.074815518,0.074725688,0.075948389,0.075447988,0.07230795,0.066185841,0.068423529,0.069634615,0.069117701,0.069141699,0.069452584,0.069735653,0.06690892,0.066763023,0.06817523,0.06886054
Arizona,Millions of chained 2012 dollars,0.049998012,0.050848433,0.051771341,0.051899688,0.052868185,0.052995011,0.053617352,0.054278245,0.054431696,0.0550179,0.05570994,0.055671543,0.055618158,0.055552045,0.054898032,0.052859999,0.051021921,0.050021128,0.049558436,0.05015232,0.039895138,0.04055094,0.040993352,0.04145571,0.041243679,0.041384746,0.04152564,0.042367096,0.042388169,0.042577014,0.04241999,0.042476717,0.042655347,0.042631332,0.042795005,0.043057958,0.043098571,0.043254109,0.043526386,0.043430204,0.043995941,0.044184254,0.044068907,0.044582078,0.044890478,0.045361785,0.045943949,0.046078163,0.04678165,0.047063204,0.047926891,0.048219021,0.048914701,0.049033865,0.049437525,0.049626792,0.05012374,0.050535222,0.05122915,0.051737926,0.045946656,0.043382495,0.046380802,0.047288262,0.047494876,0.048232693,0.048759827,0.049964609,0.049683171,0.049439349,0.049914829,0.050314927
Arkansas,Millions of chained 2012 dollars,0.039161106,0.039377385,0.039602229,0.040428817,0.040443779,0.04092979,0.040590821,0.040316713,0.039461584,0.039821987,0.039946173,0.041772873,0.039842485,0.040355802,0.040024089,0.039179846,0.039421374,0.03802379,0.03821108,0.03844954,0.035251266,0.036189426,0.036733543,0.03677089,0.036692664,0.036905702,0.036969764,0.037491658,0.037398171,0.037381161,0.037153,0.036894968,0.037907925,0.037834637,0.038127924,0.038057517,0.038041193,0.038253785,0.038425566,0.038554685,0.038266851,0.038486885,0.038705992,0.038661169,0.038555371,0.038598411,0.038575948,0.03900456,0.038827258,0.038899825,0.039034602,0.039415889,0.039603583,0.039547271,0.039849337,0.039968922,0.039949134,0.039914154,0.040288273,0.040519864,0.039505679,0.036869372,0.039640195,0.039743964,0.040464629,0.040848155,0.041067878,0.041453098,0.04210609,0.04178313,0.041921731,0.042252959
California,Millions of chained 2012 dollars,0.055989345,0.056502093,0.057283079,0.057771786,0.059015888,0.058815709,0.059138445,0.059503532,0.059347496,0.059892191,0.060438506,0.061372042,0.060477072,0.061726521,0.061677277,0.059583962,0.059470983,0.058746102,0.058572727,0.058857378,0.054086277,0.054321278,0.054509451,0.055692265,0.055396149,0.05546193,0.05522275,0.055514698,0.056301903,0.056384286,0.056701439,0.057497963,0.057415161,0.057893079,0.058635217,0.060042858,0.059485972,0.060160658,0.061236407,0.061352147,0.062597661,0.063411668,0.063505001,0.063608096,0.064604301,0.064605241,0.065531848,0.065944436,0.066545746,0.067543962,0.068655536,0.069784637,0.06987947,0.070743878,0.071473456,0.071799078,0.072010489,0.073032504,0.073571725,0.07442539,0.068970376,0.06315773,0.068249433,0.069459669,0.070882536,0.072297248,0.073217264,0.074433505,0.072598369,0.072506197,0.073193687,0.073634678
Colorado,Millions of chained 2012 dollars,0.058293184,0.058573311,0.05883384,0.058238898,0.059721835,0.059403835,0.060244565,0.060029489,0.060758787,0.061680307,0.062240817,0.063514723,0.062871725,0.063392712,0.063298321,0.062439061,0.062185299,0.061105592,0.061480273,0.061636832,0.052548996,0.052788995,0.053372249,0.054332879,0.053780803,0.053895991,0.053960295,0.054461588,0.054715088,0.05506228,0.054969263,0.055426255,0.05636899,0.056463757,0.057123306,0.057721751,0.058083558,0.05880763,0.059737362,0.060908622,0.061568986,0.061879911,0.062310357,0.06271756,0.062627187,0.062854102,0.063729749,0.064470345,0.064580521,0.065030216,0.065989991,0.066797695,0.067411352,0.067859714,0.06831245,0.069011269,0.069679328,0.07075447,0.07227187,0.072380436,0.063103905,0.057839131,0.061834098,0.062018624,0.063507441,0.064391222,0.064833849,0.066208839,0.066678848,0.06634551,0.066919647,0.067360437
Connecticut,Millions of chained 2012 dollars,0.06948245,0.069941258,0.06988071,0.07088351,0.073145102,0.072486797,0.072509877,0.073420798,0.075792504,0.075787894,0.07596252,0.075435324,0.079252694,0.077926365,0.074838742,0.070728998,0.072504562,0.071689455,0.071541903,0.071904779,0.06813044,0.068694834,0.068688818,0.067958872,0.066384068,0.067042892,0.066575418,0.066965642,0.067410705,0.067555945,0.06734557,0.067307658,0.066312778,0.065846646,0.066135222,0.065884698,0.06478677,0.065629388,0.066355866,0.067105453,0.067790997,0.068140848,0.067795166,0.067901375,0.068154781,0.067980891,0.067902494,0.068239474,0.068117345,0.069217036,0.069529926,0.069609331,0.069574553,0.069080274,0.070205481,0.069895137,0.070363032,0.070409421,0.070383204,0.070390395,0.067391063,0.061176186,0.06577573,0.066598289,0.066800788,0.068408383,0.068783126,0.069507069,0.070442248,0.069603161,0.070030566,0.070054027
Delaware,Millions of chained 2012 dollars,0.074937979,0.07315633,0.072989791,0.081800281,0.077409903,0.078265314,0.077520801,0.076269398,0.077059597,0.078875191,0.076933002,0.075850306,0.074954824,0.075514548,0.075193849,0.07375319,0.078130296,0.079245661,0.07937417,0.077275906,0.068256798,0.066616923,0.067118741,0.067858996,0.069214775,0.06983119,0.070704306,0.070534583,0.071187971,0.069992672,0.069110647,0.067477899,0.066346858,0.066178138,0.066567031,0.069238608,0.069785641,0.071986137,0.073471324,0.074043527,0.074844588,0.076117398,0.073593939,0.072986879,0.070794624,0.070614321,0.069787869,0.069453434,0.068658944,0.066522818,0.066900685,0.066790432,0.067231111,0.067781931,0.069222014,0.06939363,0.070489702,0.07113407,0.07180383,0.072310548,0.064034475,0.060002243,0.063955582,0.063664354,0.064000634,0.064828456,0.06511544,0.06629025,0.066008518,0.06620974,0.066514908,0.06695685
District of Columbia,Millions of chained 2012 dollars,0.173546785,0.174195494,0.173899021,0.173956358,0.174032574,0.173850425,0.176268881,0.173716872,0.176517982,0.177091873,0.182406535,0.18236161,0.186030986,0.186372385,0.187393084,0.18676203,0.184026822,0.185449228,0.184982493,0.185981866,0.179751979,0.182891297,0.183483264,0.185017525,0.184861805,0.185916942,0.186132157,0.18526764,0.18568411,0.18700997,0.186824668,0.18605355,0.187062153,0.185988902,0.186428805,0.187258755,0.189429522,0.189481871,0.190752057,0.191840099,0.193079706,0.19469407,0.194046264,0.194672466,0.19856994,0.199053551,0.19826681,0.199454234,0.198360043,0.199395569,0.202780681,0.202220623,0.203380958,0.204991333,0.207364352,0.206438843,0.204777447,0.206493519,0.207924743,0.209073943,0.182089929,0.171321959,0.177167117,0.179948952,0.180226526,0.183509851,0.185969879,0.186912674,0.187358911,0.186946465,0.187405028,0.188164804
Florida,Millions of chained 2012 dollars,0.050367786,0.050711171,0.051608741,0.051476101,0.052217586,0.052370417,0.052498007,0.053136461,0.052826895,0.053168627,0.053543697,0.053207251,0.052249815,0.051837436,0.050965263,0.049189983,0.048479269,0.047962694,0.047778935,0.048256373,0.040757399,0.041139112,0.041433586,0.041560423,0.040906176,0.041238467,0.040890523,0.04121324,0.041330875,0.041252913,0.041598596,0.041453957,0.042006982,0.04201311,0.042373835,0.042709641,0.042720167,0.043254406,0.043743798,0.044148993,0.044549912,0.045181804,0.045565543,0.046018277,0.046060657,0.046622129,0.047295885,0.047569797,0.048157416,0.048259329,0.048573413,0.049185115,0.049748943,0.04980587,0.050371815,0.05040552,0.050933158,0.051106694,0.051498885,0.051909175,0.045017062,0.041371946,0.04487582,0.045196525,0.046043848,0.047530598,0.048216055,0.049418839,0.049235217,0.049426755,0.049884649,0.050342947
Georgia,Millions of chained 2012 dollars,0.054109918,0.054476756,0.054618465,0.055279167,0.055033199,0.055099687,0.055393294,0.055830785,0.054973393,0.055468186,0.055958399,0.056360221,0.055021424,0.055224332,0.054715858,0.052844376,0.052315942,0.052392837,0.052320584,0.052458519,0.044320745,0.044476304,0.044871395,0.045416088,0.045389332,0.045383015,0.045582382,0.04599149,0.046105491,0.046263558,0.046325369,0.046186151,0.046823333,0.046760211,0.046951682,0.047295181,0.047705786,0.048378808,0.048869215,0.049111668,0.049803281,0.050448752,0.050719591,0.051010157,0.051824503,0.052067709,0.052424958,0.052945559,0.05354271,0.053652593,0.054117421,0.054964768,0.054873559,0.055329511,0.055975983,0.056209001,0.056750639,0.057463495,0.057907173,0.058012627,0.051440696,0.047298362,0.050830739,0.051184644,0.05239245,0.053769711,0.053938691,0.054722557,0.054951574,0.054860675,0.05525334,0.055719467
Hawaii,Millions of chained 2012 dollars,0.054556567,0.055115692,0.055610353,0.056332906,0.056192423,0.056679326,0.057075847,0.057067593,0.057022939,0.05730539,0.058231651,0.058816776,0.058603823,0.058935798,0.058172388,0.056920837,0.056217515,0.056146531,0.055825204,0.056079591,0.050524332,0.050814856,0.051569763,0.051834263,0.051859552,0.051777805,0.051638865,0.052461918,0.052562925,0.052897043,0.053087442,0.05289197,0.053855654,0.053491764,0.053681795,0.053815075,0.053532049,0.053890352,0.054330108,0.05441259,0.05518411,0.05570326,0.055943721,0.056265047,0.056528592,0.056704656,0.056915786,0.057164995,0.057746264,0.057844918,0.0582599,0.058295921,0.058434567,0.058877998,0.058825804,0.058648784,0.058019365,0.05802304,0.058441845,0.058444712,0.052437038,0.045213503,0.046918203,0.048135983,0.049001595,0.051194588,0.052588762,0.052117716,0.05151824,0.05159417,0.052014161,0.052170352
Idaho,Millions of chained 2012 dollars,0.042493043,0.043163778,0.043856152,0.043732964,0.044573412,0.044970335,0.044060101,0.044497675,0.044788026,0.044995761,0.045355202,0.046230505,0.046287771,0.04718448,0.047093364,0.045869131,0.04499097,0.043928257,0.044224095,0.044074785,0.036883174,0.036972292,0.037321493,0.03754062,0.037004125,0.03709286,0.037012673,0.037466238,0.037109638,0.037243092,0.03742018,0.037052352,0.037941492,0.038501463,0.038864825,0.039404956,0.039365277,0.039687493,0.04006406,0.040247145,0.040508886,0.040089769,0.040215568,0.04015018,0.041303804,0.04165326,0.042134702,0.041991169,0.042018599,0.042597772,0.042864871,0.043332087,0.044602005,0.04498157,0.045379508,0.045843662,0.046621931,0.047096228,0.047632277,0.047890318,0.041175495,0.038161368,0.041830161,0.042272169,0.042980176,0.042899539,0.043259007,0.045062873,0.045457141,0.045363073,0.045736407,0.046147095
Illinois,Millions of chained 2012 dollars,0.055197933,0.055233482,0.05553329,0.055531502,0.056635124,0.056690876,0.056651284,0.057033247,0.056984242,0.05723424,0.057379176,0.057922589,0.057074964,0.057516068,0.057322748,0.05567292,0.055129604,0.055215277,0.055369319,0.055928353,0.053614865,0.054204976,0.054831009,0.055009379,0.055012232,0.055373749,0.055311024,0.056048385,0.056803196,0.056907345,0.056603494,0.056143743,0.056653382,0.056334403,0.056453018,0.056931506,0.056780477,0.057690112,0.058240272,0.058359284,0.058316925,0.058555954,0.058871021,0.058618664,0.058279444,0.05835679,0.058200142,0.05877129,0.058277831,0.058490143,0.05885382,0.059137321,0.059813157,0.060028797,0.060392278,0.060344892,0.060402909,0.060382879,0.06076477,0.06036991,0.059154991,0.053972243,0.057879706,0.058264346,0.05990621,0.060713999,0.060899818,0.06201099,0.062380683,0.061987801,0.06232,0.062433413
Indiana,Millions of chained 2012 dollars,0.047234982,0.047737179,0.047992882,0.0480251,0.048469571,0.048594939,0.04872187,0.049009084,0.049013475,0.049859559,0.050315411,0.05085198,0.050546724,0.050446288,0.049413969,0.047578902,0.045464893,0.045380673,0.045808632,0.047226364,0.044942042,0.04580126,0.046359081,0.046442612,0.046009348,0.046048368,0.045947239,0.046494541,0.04651547,0.046625853,0.046416007,0.045836286,0.047440668,0.046989066,0.047502253,0.047635276,0.048248157,0.049024508,0.049274191,0.048883572,0.048256208,0.048537,0.048308307,0.048458482,0.048652534,0.049119406,0.049557451,0.049839801,0.049674743,0.04989446,0.050112403,0.050816573,0.051609349,0.051793161,0.052036845,0.052048196,0.051781948,0.052000755,0.052303725,0.052372867,0.049566209,0.044588851,0.049209583,0.049562348,0.0503455,0.051015367,0.050931379,0.051813241,0.052318213,0.051878409,0.051842642,0.052024691
Iowa,Millions of chained 2012 dollars,0.049249092,0.049405363,0.049745414,0.049223189,0.049824387,0.050165634,0.049852101,0.050484772,0.051263496,0.052375711,0.052551666,0.052756325,0.052298378,0.052027868,0.051019333,0.049527701,0.049206889,0.049495852,0.050195467,0.050919447,0.048633826,0.049284768,0.049472829,0.049760189,0.049247084,0.049539433,0.049927044,0.051440689,0.051929864,0.052611038,0.052332771,0.051294284,0.051850096,0.051529188,0.052112968,0.052600107,0.053123684,0.05472573,0.055468289,0.055460739,0.055984316,0.056106363,0.056294326,0.056311723,0.056055581,0.055517791,0.05613223,0.056022886,0.055961042,0.056144803,0.055816476,0.056460557,0.056866583,0.057145047,0.057017288,0.056846986,0.055951227,0.056376194,0.057544705,0.058232576,0.054532846,0.050044337,0.054131701,0.055632938,0.057808454,0.057240432,0.0550536,0.055266993,0.055611498,0.055498377,0.055541882,0.055378986
Kansas,Millions of chained 2012 dollars,0.04614275,0.046214949,0.046420943,0.045641749,0.048187335,0.04853159,0.048339172,0.048906569,0.050307839,0.050902501,0.051091423,0.051674851,0.052212044,0.052715686,0.052161308,0.050522761,0.049779759,0.049674418,0.049826813,0.050430588,0.046413012,0.047220795,0.048067378,0.048579379,0.048271856,0.049158605,0.04901676,0.049239639,0.051293392,0.050366546,0.048680391,0.048485201,0.049111253,0.04948516,0.049675969,0.050420242,0.049206657,0.050526792,0.051770309,0.052265101,0.051290343,0.052134822,0.052448444,0.052755021,0.05281797,0.05376241,0.054316015,0.054580603,0.054473702,0.054387025,0.054444576,0.054722342,0.055079566,0.055499457,0.056022113,0.055940553,0.055602362,0.05611573,0.056219792,0.056134412,0.055654928,0.050872125,0.05456792,0.054500354,0.054367673,0.055330272,0.055378572,0.055886762,0.056253489,0.055899458,0.056161892,0.05625434
Kentucky,Millions of chained 2012 dollars,0.041600398,0.042300067,0.042660677,0.042850148,0.043426851,0.043662515,0.043469134,0.043283844,0.042766447,0.043040832,0.043110207,0.043687405,0.043593065,0.043856861,0.042862593,0.041701394,0.041117318,0.040781079,0.041123082,0.041959919,0.038930909,0.039950481,0.040636664,0.040671324,0.040061143,0.040286659,0.040404695,0.041248412,0.041132889,0.041276504,0.041092491,0.040709832,0.042063439,0.041701981,0.041836194,0.041709286,0.041530827,0.041953008,0.041973726,0.041821952,0.041862304,0.042255426,0.042204335,0.042288702,0.04175609,0.042369636,0.042817535,0.042772713,0.042510394,0.042752825,0.042899437,0.043217778,0.042997262,0.043381788,0.043345262,0.043505239,0.043913317,0.044331512,0.044622591,0.045012833,0.042913457,0.038688004,0.042765405,0.042879634,0.043384091,0.043822079,0.043933157,0.044471392,0.044705888,0.044508366,0.044656397,0.044897817
Louisiana,Millions of chained 2012 dollars,0.055457738,0.056146553,0.055142185,0.055025335,0.055185237,0.055055856,0.054725333,0.054770959,0.052213147,0.051518849,0.051301059,0.051159774,0.051292847,0.051894953,0.052094014,0.052506883,0.0528091,0.052464032,0.052892229,0.053436581,0.054042951,0.05471832,0.055043839,0.053989657,0.052293789,0.051717331,0.051210534,0.052108078,0.052589375,0.052796153,0.051492708,0.050812353,0.050705568,0.050114705,0.050282637,0.050471349,0.050424585,0.051801595,0.052550772,0.052887542,0.051998733,0.051508039,0.051297754,0.050796052,0.050371512,0.050295564,0.050306152,0.050579635,0.051216556,0.05140004,0.051617869,0.051662295,0.0522579,0.052397752,0.052389766,0.052333649,0.052455633,0.052222297,0.052404656,0.052072607,0.049048458,0.044518617,0.047422933,0.046586694,0.04662403,0.047842492,0.047679301,0.047776258,0.046680666,0.046324551,0.046612415,0.046872003
Maine,Millions of chained 2012 dollars,0.042731443,0.042984321,0.043105819,0.04350851,0.043458232,0.043676991,0.043394621,0.043436427,0.043055306,0.043539884,0.043600202,0.043493215,0.043374227,0.043304027,0.042919298,0.041875941,0.041514978,0.041873352,0.042307261,0.042565865,0.040689391,0.040911544,0.041146721,0.040777168,0.04046799,0.04034995,0.040254118,0.040898972,0.040668162,0.040883465,0.040433286,0.039657066,0.040248321,0.039815607,0.039985591,0.04026556,0.040203303,0.040566759,0.040823993,0.041126396,0.040522494,0.04096266,0.041019121,0.041384232,0.041387243,0.041879278,0.041836669,0.042216837,0.0423141,0.042192521,0.04259693,0.042938704,0.043423964,0.043744283,0.044007239,0.043776579,0.044326881,0.044434758,0.045011409,0.045555764,0.04430653,0.041334773,0.044573273,0.045602371,0.045841221,0.046518282,0.046886026,0.047473463,0.047418852,0.047270727,0.047597146,0.047870348
Maryland,Millions of chained 2012 dollars,0.055905916,0.056546775,0.057568981,0.057797793,0.057555651,0.057586709,0.057814936,0.057983803,0.057369754,0.057955992,0.057846939,0.058494745,0.059201176,0.059854062,0.059687291,0.058967965,0.058177988,0.058484323,0.058869956,0.059598874,0.055427785,0.056111991,0.056534123,0.057346881,0.057074986,0.057643856,0.05768423,0.057914227,0.058016278,0.057427507,0.057791304,0.057141981,0.057901583,0.057635871,0.05793224,0.058116633,0.058040891,0.05884317,0.05933628,0.059062636,0.059870128,0.060030307,0.060413503,0.060890627,0.061627418,0.062168506,0.062603177,0.063070862,0.062946398,0.063148336,0.063539048,0.064077902,0.063540832,0.063828905,0.063814459,0.063755847,0.063198703,0.063779005,0.063971832,0.064045253,0.058302127,0.054206712,0.057756623,0.057917278,0.059619353,0.059168261,0.059613202,0.06026372,0.059638407,0.059501533,0.059772885,0.059822114
Massachusetts,Millions of chained 2012 dollars,0.060357308,0.060542924,0.061269469,0.06152067,0.061909591,0.062215808,0.061984043,0.063082435,0.062943439,0.063523175,0.064341323,0.065241797,0.065541147,0.066251106,0.065461907,0.064149863,0.063830022,0.063770407,0.064174638,0.064777668,0.063670681,0.06470585,0.065782805,0.065960915,0.065067859,0.067081153,0.066091206,0.067196034,0.067219309,0.067763125,0.067950429,0.067648686,0.067599019,0.067617927,0.068200092,0.068360135,0.06763291,0.068317615,0.069453416,0.070463201,0.070788449,0.071570625,0.071402763,0.072180388,0.071879897,0.072391441,0.073195396,0.072927864,0.072747769,0.073274081,0.074083458,0.074846299,0.075823997,0.07654525,0.076905976,0.077120542,0.077949056,0.078310607,0.078774729,0.079076777,0.073431322,0.066742495,0.071136331,0.073188773,0.07399002,0.075472883,0.076395041,0.077475396,0.077300614,0.076797578,0.077400203,0.077962855
Michigan,Millions of chained 2012 dollars,0.04603778,0.046174804,0.045844993,0.045930067,0.045426699,0.045503521,0.045248029,0.044877659,0.045267891,0.045187214,0.045135717,0.044293735,0.043546807,0.043135022,0.042022111,0.040728599,0.038148477,0.038366217,0.038496328,0.039194234,0.039448796,0.040782556,0.041722119,0.041636806,0.041692939,0.041581786,0.041718729,0.042893823,0.042701626,0.042777185,0.042862994,0.0427252,0.04329407,0.043212713,0.043459191,0.043548075,0.043253872,0.043968204,0.044297749,0.044250691,0.044538611,0.044882169,0.045055637,0.045146161,0.045229936,0.045860058,0.045855525,0.04611466,0.045977575,0.046232319,0.046301049,0.046689661,0.0472044,0.047358332,0.047315503,0.046942655,0.046995348,0.047133465,0.047488668,0.047425007,0.045832116,0.040327335,0.045765918,0.046080227,0.046589499,0.048140227,0.048106825,0.04839584,0.048698222,0.048491123,0.048695423,0.048737409
Minnesota,Millions of chained 2012 dollars,0.057293181,0.0575502,0.05854996,0.058043321,0.058017363,0.058407445,0.057424048,0.057380467,0.05733595,0.058323473,0.058338332,0.058790474,0.058946893,0.058923963,0.059356936,0.057285375,0.056193288,0.056091143,0.056225405,0.057119016,0.052836852,0.053627889,0.054404766,0.055679652,0.054802943,0.055758669,0.055287339,0.055710101,0.056179773,0.056195534,0.056404568,0.056206941,0.056763378,0.057125374,0.058120411,0.058376014,0.058265379,0.059171331,0.059869059,0.059568885,0.060067761,0.059835386,0.060099115,0.06050885,0.060423064,0.060644768,0.061621592,0.061680774,0.062019693,0.061672874,0.061306372,0.061975292,0.062778131,0.063393675,0.063910896,0.063987462,0.063629765,0.063973133,0.06454931,0.064681854,0.059105013,0.054271537,0.058011119,0.058868983,0.059425928,0.061068828,0.060754151,0.061425019,0.061317509,0.061118158,0.061463519,0.061655826
Mississippi,Millions of chained 2012 dollars,0.033568042,0.033646716,0.033877675,0.035051384,0.034330665,0.034873929,0.03489365,0.035118246,0.034931897,0.034863593,0.035432976,0.035683727,0.035740043,0.036241263,0.035938345,0.035194389,0.034731978,0.034547703,0.034304475,0.034218911,0.032996697,0.033292185,0.033428066,0.033200047,0.032905132,0.033045597,0.033153709,0.033697604,0.034213663,0.034146194,0.033813838,0.033233647,0.034006707,0.033451657,0.034127996,0.033662926,0.033501466,0.034068346,0.033832811,0.03378253,0.033695784,0.033870118,0.033963806,0.033923433,0.034246319,0.03408496,0.034029927,0.034133759,0.034363766,0.034030567,0.034026152,0.034060999,0.033986891,0.034174334,0.033990666,0.033827285,0.033702221,0.033772858,0.034115661,0.034536988,0.03465999,0.031612016,0.034731547,0.034784936,0.035037428,0.035393794,0.03527182,0.035254226,0.035370798,0.035273644,0.035213534,0.035344897
Missouri,Millions of chained 2012 dollars,0.047104515,0.047467307,0.047593558,0.047807866,0.047781773,0.048101493,0.047614648,0.047537671,0.046998907,0.047761452,0.048080564,0.048530699,0.048512183,0.049363536,0.048461247,0.049141793,0.047611699,0.047496797,0.047771174,0.047879821,0.045112756,0.045219837,0.045296545,0.045193171,0.04460739,0.044781578,0.044763745,0.045200818,0.045529525,0.045473855,0.045211054,0.045143696,0.045941101,0.045758547,0.04583751,0.045867498,0.045287628,0.045949934,0.046479444,0.046677076,0.046647271,0.046722743,0.046703241,0.046284568,0.046510201,0.046456335,0.046515261,0.046934985,0.046653098,0.046923464,0.046997751,0.047274595,0.047090322,0.047574131,0.047677105,0.047702669,0.048142664,0.048366811,0.048802298,0.048792797,0.046926788,0.043225355,0.046550764,0.047055417,0.047435228,0.048100192,0.048144092,0.048483918,0.048873185,0.048625171,0.048836255,0.049071108
Montana,Millions of chained 2012 dollars,0.041349154,0.04116804,0.041322663,0.041862347,0.042065518,0.042550114,0.043054439,0.043368562,0.044388297,0.04487378,0.044845626,0.045180809,0.045272474,0.045117962,0.044881761,0.04416185,0.04405777,0.043539479,0.043972312,0.043618287,0.040898208,0.04108832,0.041311987,0.041622171,0.042030493,0.04213884,0.042111146,0.043014306,0.042919503,0.042640348,0.042819444,0.042796097,0.043310441,0.04330468,0.043482967,0.04361365,0.043719066,0.044205718,0.044460919,0.044806375,0.045939469,0.046105123,0.046145146,0.04533588,0.044936553,0.044353684,0.044701667,0.045656878,0.046164451,0.046768848,0.046604003,0.046327173,0.047196778,0.047188086,0.046950673,0.046994436,0.047177372,0.047037492,0.047676455,0.047659981,0.043209666,0.040728816,0.044099795,0.044436717,0.044620074,0.044902857,0.045073117,0.046090525,0.04585598,0.045733773,0.045906062,0.046053633
Nebraska,Millions of chained 2012 dollars,0.051180327,0.051784267,0.052455058,0.053336279,0.052922432,0.054736414,0.053424284,0.053571719,0.054694223,0.054696444,0.054591258,0.055530447,0.055224066,0.056014301,0.055173635,0.052935814,0.054552515,0.0542466,0.054948421,0.055920802,0.052243803,0.053451792,0.053802877,0.053969111,0.05594043,0.055927343,0.055639993,0.057176179,0.055997483,0.056757035,0.05606735,0.056165524,0.057552122,0.057218395,0.057394594,0.057102096,0.05837267,0.059243153,0.05920948,0.059574691,0.060365945,0.061086237,0.06130854,0.061227558,0.0608451,0.061201167,0.061895506,0.06269678,0.061864789,0.062447977,0.062504264,0.063177742,0.064043024,0.063703547,0.063766296,0.064283669,0.063959085,0.064341982,0.065340208,0.066121223,0.060822359,0.056893894,0.061044433,0.062159598,0.061557101,0.062559954,0.062477925,0.062471298,0.063232652,0.062954855,0.063140376,0.062600382
Nevada,Millions of chained 2012 dollars,0.067324774,0.06927182,0.06903011,0.069630783,0.070892383,0.071878092,0.071484549,0.071928486,0.071682621,0.071632528,0.072028723,0.073121676,0.071492656,0.070570202,0.070140427,0.067949368,0.065614483,0.06415416,0.063436485,0.063501091,0.047153673,0.047936736,0.04851758,0.0486911,0.04809226,0.048829183,0.048331396,0.048334099,0.04822701,0.047997501,0.047862566,0.047448502,0.048099629,0.047693489,0.04793544,0.048411343,0.048143953,0.048188351,0.048494363,0.049055767,0.049642462,0.050423747,0.050742867,0.051145822,0.0511269,0.051285904,0.052508136,0.052564421,0.053308306,0.053688488,0.054405749,0.054087629,0.055236172,0.055452795,0.055714149,0.056437334,0.057346408,0.057732441,0.058420041,0.058985703,0.050617275,0.042640438,0.047512122,0.047971857,0.048968535,0.05109173,0.0522951,0.053231964,0.052790492,0.052917174,0.05338567,0.054079799
New Hampshire,Millions of chained 2012 dollars,0.052337945,0.052645685,0.052801941,0.052718027,0.053261892,0.05324239,0.053721923,0.055436378,0.053555713,0.054767735,0.053936442,0.05413235,0.054174024,0.053832217,0.05328722,0.051863591,0.051911415,0.051879209,0.053283416,0.053394277,0.049995518,0.051299004,0.051339187,0.051323084,0.050592418,0.051384384,0.051169111,0.052127736,0.051571019,0.051799661,0.052167235,0.052588665,0.052513008,0.052271377,0.05247799,0.052633102,0.052216534,0.053368326,0.053323129,0.05443132,0.053587473,0.054690878,0.054698094,0.055919315,0.055445396,0.055907617,0.056266455,0.055924328,0.055915592,0.055705713,0.056627648,0.056511884,0.057311295,0.057285088,0.057461013,0.057140307,0.058611666,0.058271438,0.058304405,0.058221684,0.056256384,0.05101497,0.05593806,0.057265437,0.057349863,0.06032991,0.060648306,0.062643255,0.060308277,0.059931951,0.060206863,0.060577019
New Jersey,Millions of chained 2012 dollars,0.059725802,0.060138216,0.060761366,0.060816771,0.061033175,0.061723567,0.061279457,0.061582951,0.060896552,0.061795979,0.061931724,0.062999554,0.064118797,0.064266497,0.063770214,0.061934897,0.060403097,0.059783465,0.060161118,0.060598204,0.058440411,0.058374782,0.058659113,0.058340137,0.057316069,0.057660875,0.057561022,0.058403855,0.058935993,0.058733863,0.059209358,0.058426557,0.059915099,0.059408018,0.059389183,0.059564378,0.059110619,0.0593976,0.059547124,0.059511887,0.06002056,0.060341731,0.06044859,0.060299282,0.060880534,0.060732977,0.060913428,0.060904237,0.060603142,0.061066364,0.061409396,0.061500275,0.062115637,0.062342517,0.062708502,0.063090922,0.063146178,0.063504348,0.064000374,0.063969436,0.059948677,0.053566694,0.058270034,0.058734186,0.060186539,0.060654717,0.061137568,0.062135103,0.062398619,0.062245449,0.062841272,0.063006468
New Mexico,Millions of chained 2012 dollars,0.046399761,0.046492612,0.045928635,0.045966897,0.047183304,0.047255814,0.047300563,0.047498909,0.04739127,0.047742608,0.048027043,0.047573618,0.047123547,0.047290063,0.047648218,0.049170719,0.048938619,0.048219231,0.048278383,0.048225608,0.042181374,0.042228092,0.042419236,0.043356066,0.041872076,0.042466148,0.042599453,0.043213485,0.042865385,0.04329881,0.042630534,0.042001934,0.042177489,0.042053993,0.042042775,0.042446577,0.042280346,0.042863831,0.043494422,0.044228695,0.043883655,0.043539731,0.043492479,0.043330861,0.043519383,0.043350044,0.043117913,0.043191097,0.04299194,0.043111308,0.043358445,0.043350627,0.043673619,0.044097235,0.044284251,0.044585439,0.045002401,0.045735655,0.046666657,0.046935599,0.04566635,0.041506582,0.043765874,0.0437867,0.043773996,0.043755342,0.044203366,0.045125057,0.044536538,0.044273684,0.044740692,0.045268337
New York,Millions of chained 2012 dollars,0.060710843,0.061280391,0.061858544,0.062537849,0.063492511,0.063063532,0.062724174,0.063512367,0.065459949,0.06341414,0.063156494,0.062719743,0.063452598,0.062844471,0.063021559,0.061535544,0.062297667,0.064958664,0.065685064,0.066468946,0.065882407,0.066844369,0.065842135,0.065123948,0.066498102,0.065767979,0.06554226,0.066309807,0.067342256,0.068307113,0.068910216,0.069612468,0.067895834,0.068360828,0.068725771,0.069425514,0.069016259,0.069495898,0.070190966,0.070665909,0.070502803,0.071254342,0.07132102,0.070467247,0.072409393,0.072702502,0.072160473,0.072380463,0.073024912,0.072553592,0.073007852,0.074344722,0.074512767,0.075293669,0.075884052,0.075346719,0.076649091,0.077617431,0.077731168,0.077802186,0.073717477,0.066713939,0.071406926,0.071808872,0.072840922,0.074459668,0.075511346,0.077125805,0.077028514,0.077167778,0.077645699,0.077652486
North Carolina,Millions of chained 2012 dollars,0.050391195,0.050441224,0.050944186,0.051472492,0.053618986,0.053931075,0.053886611,0.054337867,0.054695811,0.054369447,0.054260494,0.054809684,0.056144133,0.056564852,0.05625618,0.054923743,0.052584475,0.053230642,0.054017803,0.054821561,0.045502824,0.045737872,0.045879197,0.046546315,0.046336206,0.046884044,0.046299857,0.046433222,0.04705963,0.046541198,0.046725939,0.046384415,0.046932515,0.047084285,0.047707064,0.047907306,0.048203117,0.048253266,0.048679527,0.048772705,0.049533988,0.04988601,0.049949594,0.04992669,0.050347539,0.050267815,0.050649243,0.051334012,0.051657153,0.051673177,0.051940935,0.052467033,0.052289244,0.052671564,0.052631671,0.0528069,0.053143789,0.053510682,0.054016865,0.054455605,0.049543048,0.045492782,0.049280657,0.04981678,0.050904929,0.051576098,0.05195066,0.053217938,0.053430642,0.053340703,0.053596609,0.054016299
North Dakota,Millions of chained 2012 dollars,0.045621769,0.045744784,0.045547804,0.045864995,0.046855964,0.047876985,0.047657895,0.048142479,0.048894425,0.049453441,0.049996886,0.051108689,0.052603395,0.053057147,0.053930707,0.053778107,0.05448692,0.054175802,0.055435846,0.055424323,0.054100337,0.055928045,0.057051016,0.058419902,0.059114826,0.06103635,0.063283927,0.068371863,0.072716703,0.077334219,0.07889832,0.079306741,0.076655501,0.077738774,0.079692859,0.080471787,0.082234374,0.085504415,0.087095724,0.088851471,0.08682721,0.083682654,0.08309121,0.082665394,0.080385405,0.077991974,0.078359657,0.078310742,0.079146614,0.081092075,0.080997367,0.081022642,0.082317486,0.083143545,0.083848877,0.083220412,0.083499333,0.083933029,0.084144302,0.083755507,0.072203354,0.066406108,0.068660136,0.068196777,0.06883059,0.069181254,0.069485582,0.068739074,0.067811586,0.067695554,0.068561432,0.068686192
Ohio,Millions of chained 2012 dollars,0.047641084,0.047991208,0.048353786,0.048372591,0.048081218,0.048175773,0.04804935,0.047888655,0.048120723,0.04811793,0.048231062,0.048156933,0.048113148,0.048235096,0.047448318,0.045445921,0.045359425,0.044746334,0.044826075,0.045133399,0.044635281,0.045162859,0.045778132,0.046100725,0.046266469,0.046632619,0.046972506,0.047769368,0.047225771,0.047483735,0.047414728,0.047097786,0.047892915,0.047857028,0.048304642,0.048797773,0.048807984,0.049646123,0.050294881,0.050333134,0.050035141,0.050206579,0.050042621,0.050418532,0.050173397,0.050540606,0.050791704,0.050963385,0.051208789,0.051463684,0.05161327,0.051542998,0.051473982,0.051629064,0.052002418,0.052210548,0.052607367,0.052971732,0.053461361,0.053589406,0.051584608,0.046823656,0.05117464,0.051831137,0.052358043,0.053187759,0.053376387,0.054405435,0.054171915,0.054016146,0.054174026,0.054227698
Oklahoma,Millions of chained 2012 dollars,0.041507349,0.041852733,0.041708181,0.041243573,0.045822531,0.044095989,0.043654507,0.043619702,0.044281142,0.045063631,0.045858292,0.045886693,0.045875883,0.04679197,0.047022246,0.048549,0.047235886,0.046283313,0.046464264,0.045594835,0.0419314,0.042860879,0.043202116,0.043212379,0.042758969,0.043832769,0.044854241,0.045905808,0.046359058,0.046809163,0.046515056,0.046782239,0.047240021,0.046986539,0.047098152,0.048152492,0.048458115,0.04959248,0.051547083,0.05231358,0.052646846,0.051772388,0.052800471,0.05291459,0.052011369,0.051550495,0.051274727,0.050982726,0.051235062,0.051929452,0.051873338,0.051839271,0.052047462,0.052402028,0.052701227,0.053390205,0.053221786,0.05329456,0.054088034,0.053890612,0.050310316,0.046319285,0.049306364,0.048525555,0.049056778,0.04903046,0.048251091,0.04887541,0.04802916,0.047839155,0.048483022,0.049001541
Oregon,Millions of chained 2012 dollars,0.045846918,0.045916831,0.046338238,0.046808864,0.048225068,0.048228722,0.048666876,0.049077322,0.048307403,0.04893393,0.04979089,0.050518721,0.050706889,0.051281157,0.051257512,0.049710513,0.04901343,0.048219486,0.048193648,0.048093338,0.044110346,0.043857127,0.044274843,0.044453853,0.045277773,0.045336477,0.045022388,0.04585996,0.045906448,0.045834588,0.045702354,0.044866818,0.045508753,0.045639969,0.046068257,0.046474383,0.046284906,0.047089145,0.047800643,0.048036556,0.048945178,0.049253369,0.050009893,0.050113545,0.051268835,0.051512004,0.051691797,0.052340727,0.052681989,0.053358901,0.053851165,0.054694245,0.055396346,0.05580302,0.056505382,0.056673638,0.056772827,0.056953194,0.057466235,0.058078179,0.052245297,0.048035167,0.051469253,0.051913809,0.052859775,0.053520509,0.053675563,0.055158032,0.055107032,0.054891161,0.055446803,0.056213691
Pennsylvania,Millions of chained 2012 dollars,0.047884717,0.048273373,0.048720769,0.048868387,0.048169139,0.048499274,0.048817056,0.049031793,0.049337361,0.04975757,0.050619768,0.051346179,0.051287015,0.052052739,0.051493756,0.050298028,0.049361822,0.049275909,0.049470159,0.050620305,0.048523241,0.049197745,0.049835602,0.050115455,0.049411437,0.050023496,0.050290942,0.05090237,0.050927507,0.051141601,0.05122594,0.050737866,0.051312703,0.051537574,0.051680516,0.052022381,0.051854011,0.052539001,0.053136062,0.053342645,0.053664632,0.053712387,0.053679307,0.053853361,0.053944312,0.054023455,0.054434732,0.054362998,0.054262292,0.054467128,0.055005098,0.055080115,0.055095695,0.055276551,0.055622455,0.055704825,0.055818512,0.056175564,0.056567073,0.056612631,0.054467588,0.048710499,0.052910157,0.053393595,0.053853753,0.054464719,0.054639913,0.055757135,0.055606328,0.055474955,0.055912672,0.056355226
Rhode Island,Millions of chained 2012 dollars,0.048185047,0.048935677,0.049060734,0.049826341,0.049508213,0.050704032,0.051233546,0.050399449,0.050027329,0.049146777,0.048877966,0.048334906,0.048646834,0.04842505,0.04806247,0.047841926,0.047052758,0.04747181,0.047957921,0.048315637,0.048164155,0.048707018,0.049092267,0.049113168,0.047956757,0.049157821,0.048787488,0.048972559,0.049130934,0.049161241,0.049053314,0.048682032,0.049494046,0.049041249,0.049342322,0.049395715,0.049474095,0.049520173,0.049594943,0.050137806,0.050002328,0.050266254,0.050022849,0.050433369,0.049732891,0.050133816,0.050791731,0.050383871,0.049682538,0.049903142,0.050516499,0.050139041,0.049903617,0.049993492,0.049732891,0.050084698,0.050785651,0.050723137,0.050618535,0.050848545,0.048288513,0.043589498,0.047600328,0.04830045,0.048131685,0.049990842,0.050007609,0.05091149,0.050317894,0.050388061,0.050613143,0.050665176
South Carolina,Millions of chained 2012 dollars,0.041915877,0.042170113,0.042317371,0.042577689,0.043096157,0.043148774,0.043126641,0.043480254,0.043601689,0.044312604,0.044852234,0.045173718,0.044487953,0.04468349,0.044171802,0.04269566,0.042064455,0.041812537,0.041980109,0.042489155,0.036767571,0.037154589,0.037359308,0.03757687,0.037724642,0.038234461,0.038005463,0.038311623,0.038665951,0.038447115,0.038384676,0.038105844,0.038907792,0.038695441,0.039321013,0.039501518,0.039538488,0.040321648,0.040486738,0.040494002,0.040903786,0.041262374,0.041838415,0.042053577,0.042323047,0.04269744,0.042927281,0.043286907,0.04360366,0.043693772,0.043767366,0.044067278,0.044346802,0.044700936,0.044881441,0.045171256,0.045641165,0.04571651,0.046322343,0.046727328,0.04108717,0.038163146,0.041682803,0.041799792,0.042350215,0.043204716,0.04330252,0.043887055,0.044107553,0.044048179,0.044294075,0.044495348
South Dakota,Millions of chained 2012 dollars,0.047490475,0.047230024,0.047513393,0.047697935,0.0480853,0.048428549,0.048236324,0.04787678,0.050094589,0.050299665,0.049684173,0.049994303,0.052888279,0.052263117,0.051728172,0.050213554,0.052229467,0.052808792,0.053635983,0.053222653,0.04863077,0.048853202,0.050198113,0.05065047,0.051645828,0.052340514,0.052554963,0.05495738,0.054937115,0.054733597,0.051906581,0.0541072,0.054028839,0.054223268,0.054310226,0.054330124,0.05553514,0.055626888,0.054931833,0.054233216,0.055305706,0.055536491,0.05598897,0.057514923,0.055762976,0.05618561,0.057257486,0.057161439,0.057552016,0.056626176,0.055775873,0.054938834,0.057502149,0.056766317,0.056787443,0.056413569,0.056947727,0.05683387,0.057543418,0.057865337,0.053382048,0.050823477,0.054448062,0.055191633,0.055392047,0.056022949,0.055853889,0.056300843,0.056540054,0.056302648,0.056237798,0.05562246
Tennessee,Millions of chained 2012 dollars,0.046604326,0.046872848,0.047488743,0.047733906,0.04806168,0.048478903,0.048212736,0.048507729,0.04737887,0.047755613,0.04811703,0.048845821,0.048643792,0.048752365,0.048564081,0.047084158,0.046680803,0.04640917,0.046289488,0.046750953,0.042060476,0.042159198,0.042295912,0.042690422,0.042886637,0.043456325,0.043779263,0.044408925,0.04482288,0.045333224,0.04510614,0.045221029,0.045832318,0.045402227,0.045634685,0.045790607,0.045859121,0.046296319,0.046559693,0.046677387,0.047327392,0.047997693,0.048276321,0.048317369,0.048448237,0.048520297,0.048969344,0.049547841,0.049865989,0.050021517,0.050268015,0.050889908,0.050684648,0.050861103,0.05124121,0.051143828,0.051776893,0.051994113,0.05253561,0.052436589,0.048421625,0.042724908,0.047610464,0.048458451,0.050076517,0.05056462,0.051050741,0.052312932,0.052792902,0.052836602,0.053338523,0.053901074
Texas,Millions of chained 2012 dollars,0.054655104,0.054452479,0.054571668,0.055270221,0.057634537,0.058560591,0.059209158,0.06026767,0.060643886,0.061829586,0.061970768,0.06228582,0.061389672,0.061157285,0.061221812,0.062174012,0.061530265,0.060845432,0.061102614,0.061544978,0.05158083,0.051834505,0.052294196,0.052671157,0.053012983,0.053644065,0.053778649,0.054886662,0.055681474,0.056261994,0.056536957,0.057592097,0.058147659,0.058810949,0.059480673,0.059737613,0.059143405,0.060349006,0.061509163,0.062320439,0.063900658,0.063248078,0.063980267,0.064327883,0.064289761,0.064230884,0.064510563,0.064661059,0.065200637,0.065592106,0.066202739,0.066980069,0.067777541,0.068579532,0.069037982,0.069532837,0.069715561,0.070078886,0.071349762,0.071972385,0.06144096,0.056857008,0.060615398,0.06092629,0.061574308,0.062072124,0.062295136,0.063162172,0.0632466,0.063536789,0.064808258,0.065920148
Utah,Millions of chained 2012 dollars,0.048023862,0.048708808,0.049671386,0.050708567,0.051917029,0.052639142,0.053387316,0.054279322,0.054210989,0.055609764,0.05576282,0.056227406,0.055481784,0.056321846,0.056045646,0.054660574,0.054782285,0.054340043,0.054214527,0.05416818,0.044282233,0.04424674,0.044955452,0.04583161,0.045888197,0.046402148,0.046350011,0.046595282,0.047019033,0.04679681,0.046581786,0.047037847,0.047720039,0.047935677,0.04854113,0.04844923,0.049087571,0.049506727,0.049660207,0.050008014,0.05063825,0.051068876,0.051382818,0.052013416,0.0527061,0.053002856,0.053858247,0.054569528,0.054527775,0.055273501,0.056527316,0.057643462,0.058477505,0.059429282,0.06005608,0.060284527,0.061758612,0.061444814,0.062689511,0.06308761,0.053151042,0.051168566,0.054328717,0.05525783,0.056117558,0.056753604,0.057096829,0.058555222,0.05846765,0.058302747,0.058663945,0.059269456
Vermont,Millions of chained 2012 dollars,0.044331313,0.044130434,0.044325399,0.044574074,0.044985029,0.044709252,0.044528249,0.044013981,0.043706833,0.044028764,0.044396684,0.044513466,0.045716107,0.04582369,0.045791662,0.045041366,0.044457785,0.044252965,0.044775117,0.045362804,0.044456093,0.045313157,0.045937536,0.045861946,0.045658667,0.046223278,0.046155838,0.047428888,0.046846699,0.047395488,0.046825604,0.045854595,0.046213369,0.04590062,0.045489108,0.045741129,0.045339525,0.045877128,0.046637347,0.046964958,0.04643247,0.046427356,0.046672026,0.04660938,0.046917974,0.046855328,0.047152576,0.047063402,0.047085455,0.047005231,0.047212824,0.047213144,0.047340833,0.047500483,0.047253416,0.047135157,0.047795653,0.047500004,0.047975281,0.048122466,0.046896872,0.041773225,0.045786896,0.046327734,0.046796884,0.047277076,0.047555891,0.048374145,0.048688415,0.048668355,0.0488293,0.049095365
Virginia,Millions of chained 2012 dollars,0.057265246,0.058061811,0.058758384,0.058779575,0.059471429,0.059348013,0.059261286,0.05918408,0.059467727,0.059678916,0.060340156,0.060642409,0.060524149,0.061221386,0.061408276,0.060522553,0.059833694,0.06024354,0.060458811,0.061124219,0.054301049,0.055111658,0.05548736,0.055692884,0.055230768,0.055457164,0.05548596,0.055941677,0.055718356,0.055730779,0.055869436,0.055639703,0.056340988,0.05603584,0.056092695,0.056033615,0.055592622,0.055941127,0.056062499,0.056214155,0.056393882,0.056934725,0.057144386,0.057079069,0.056930813,0.057268182,0.057601839,0.058152644,0.057880779,0.058195101,0.058552405,0.059022808,0.059290211,0.059617981,0.060005432,0.060013393,0.060552812,0.060716478,0.061578081,0.06172085,0.056653961,0.052538831,0.055919305,0.056826285,0.057560778,0.058146269,0.058694929,0.059790094,0.059293361,0.059156361,0.059475336,0.059786862
Washington,Millions of chained 2012 dollars,0.057063182,0.057698917,0.057535364,0.058731353,0.059468172,0.059634812,0.059930514,0.060706066,0.061091959,0.062874142,0.064074507,0.065215543,0.064396506,0.0650299,0.065625307,0.063707786,0.062520009,0.062628236,0.062609064,0.063433055,0.055608339,0.056665839,0.057049464,0.057302685,0.057260556,0.057412254,0.057401398,0.058570698,0.059333947,0.059590842,0.060001978,0.059323344,0.060731708,0.060657577,0.061530424,0.061482956,0.062038742,0.062572786,0.063863208,0.064013985,0.064780059,0.065606034,0.066300981,0.06620203,0.067773677,0.067434724,0.067983252,0.069400242,0.070199924,0.070821097,0.072123892,0.073570341,0.075404786,0.076136122,0.077495427,0.077321616,0.07852665,0.07852958,0.079557903,0.080523054,0.070433032,0.066151137,0.071743263,0.071405936,0.073349019,0.074685115,0.074627687,0.075901722,0.074976513,0.075080935,0.075737835,0.07642426
West Virginia,Millions of chained 2012 dollars,0.036133501,0.036590162,0.036216229,0.036338661,0.03681993,0.037020556,0.036997828,0.037057053,0.036831045,0.037050362,0.03729578,0.037288093,0.037274932,0.037739501,0.037974412,0.038495331,0.03835946,0.037731317,0.03728013,0.037467152,0.036313879,0.037059645,0.038062724,0.037843242,0.037205409,0.038011996,0.038098288,0.038570983,0.038258138,0.038421009,0.037792081,0.037331152,0.038098127,0.038001688,0.038008002,0.038186524,0.037478265,0.03810185,0.038289115,0.038386902,0.038274058,0.038184527,0.038074867,0.038004602,0.038033528,0.037720414,0.037736388,0.037640975,0.038610702,0.038379779,0.038581884,0.038611944,0.038873251,0.039445837,0.039870555,0.039761057,0.03906521,0.039172118,0.039402502,0.039151611,0.040535904,0.037023977,0.039766719,0.039764545,0.039693965,0.039669769,0.039645128,0.040087059,0.039514394,0.039655219,0.040051101,0.040564616
Wisconsin,Millions of chained 2012 dollars,0.048687514,0.049061586,0.04965588,0.049250188,0.049916223,0.04999492,0.050054673,0.050080924,0.050120971,0.050238652,0.050481936,0.050463423,0.050038826,0.050272285,0.04982856,0.048699315,0.047613772,0.047946865,0.048388801,0.049023645,0.046108396,0.046633243,0.047208662,0.047727883,0.047430607,0.047804549,0.048151604,0.048499223,0.049001352,0.048980356,0.048551095,0.048373339,0.048745803,0.048654103,0.048902336,0.049242428,0.049079688,0.050056726,0.050243345,0.050361281,0.050508688,0.050814263,0.050917604,0.051084722,0.051111274,0.051265328,0.051615953,0.051332569,0.0511482,0.051013964,0.051561565,0.051603099,0.052362675,0.052295803,0.052726013,0.052964259,0.053047256,0.053356945,0.05341703,0.053767497,0.050784428,0.046626086,0.05041999,0.051096473,0.051189589,0.051835106,0.052006238,0.052965038,0.052999855,0.052752728,0.052828435,0.052967702
Wyoming,Millions of chained 2012 dollars,0.067655565,0.068914015,0.066963964,0.067711662,0.072526743,0.07548088,0.078226019,0.080083316,0.081156057,0.082120247,0.082328234,0.083546788,0.08425135,0.084669753,0.085887699,0.092455375,0.091194495,0.084848577,0.081773738,0.078739808,0.069985948,0.071081178,0.071887209,0.071323892,0.070201339,0.070337422,0.070198146,0.071492444,0.070063837,0.070097724,0.068023654,0.067568033,0.0692995,0.068385774,0.068649601,0.069376856,0.068818152,0.069751041,0.070621299,0.071558977,0.072863388,0.07091653,0.071897677,0.071166163,0.070835448,0.067944701,0.066643483,0.065598109,0.06593468,0.067059894,0.066613854,0.066679145,0.067266947,0.067548339,0.067623743,0.067811989,0.067494935,0.067589323,0.068706554,0.069061399,0.066587386,0.060305521,0.06272989,0.061870916,0.063131727,0.063036729,0.06302234,0.063214244,0.062999111,0.062234095,0.063049037,0.063748524